Gender,Age Group_Teenager,Age Group_Young Adult,Race_Other,Race_White,Reactions,Applicant ID,Training,Signals,Yield,Speed Control,Night Drive,Road Signs,Steer Control,Mirror Usage,Confidence,Parking,Theory Test,Qualified
0.0,1.0,0.0,0.0,0.0,2.0,AID0084,Basic,34.57,41.63,7.63,29.69,40.85,46.52,32.7,48.91,45.14,40.53,0
1.0,1.0,0.0,1.0,0.0,0.0,AID0085,Basic,27.95,39.82,37.49,48.59,40.34,34.7,22.15,27.55,51.79,40.1,0
0.0,0.0,0.0,0.0,1.0,0.0,AID0396,,44.77,48.45,18.09,36.98,56.57,34.48,46.02,46.07,30.86,59.63,0
1.0,0.0,1.0,1.0,0.0,2.0,AID0153,Basic,58.48,56.42,46.58,38.1,72.47,55.07,57.32,50.58,45.43,88.82,1
1.0,0.0,1.0,1.0,0.0,0.0,AID0009,,35.59,41.8,45.71,32.72,10.09,34.31,27.35,36.64,31.94,64.57,0
0.0,0.0,1.0,1.0,0.0,2.0,AID0425,Basic,48.3,28.63,50.9,33.04,58.13,32.98,38.34,33.08,53.83,86.28,1
0.0,1.0,0.0,0.0,1.0,2.0,AID0361,Basic,46.29,44.14,33.09,29.18,29.66,37.06,21.85,24.34,53.97,41.97,0
0.0,0.0,1.0,1.0,0.0,1.0,AID0231,,57.04,12.06,24.0,16.69,42.62,22.97,49.74,16.4,27.18,95.45,0
0.0,0.0,0.0,1.0,0.0,2.0,AID0412,,34.61,50.85,55.8,25.91,46.89,19.94,16.81,44.78,47.9,64.43,0
0.0,0.0,1.0,0.0,0.0,1.0,AID0500,Basic,47.38,67.98,44.9,47.17,44.44,52.28,55.87,54.5,53.95,77.07,0
1.0,0.0,0.0,1.0,0.0,2.0,AID0022,Basic,66.78,63.5,78.15,39.35,49.95,58.76,46.6,46.42,61.99,68.36,1
0.0,0.0,0.0,0.0,1.0,0.0,AID0283,Basic,55.35,56.29,45.61,58.28,50.38,46.45,60.55,63.63,57.54,82.41,0
0.0,0.0,1.0,1.0,0.0,2.0,AID0329,Basic,68.13,45.58,50.34,51.72,53.43,55.54,59.24,53.07,54.92,45.2,0
1.0,0.0,1.0,0.0,1.0,0.0,AID0346,Advanced,40.96,46.86,60.6,57.11,54.3,43.66,56.65,63.86,78.65,59.7,1
1.0,0.0,0.0,0.0,0.0,1.0,AID0426,Basic,59.81,34.72,52.18,54.34,48.23,47.03,64.78,65.04,65.29,64.69,1
0.0,0.0,0.0,0.0,0.0,1.0,AID0024,Basic,45.04,63.98,63.96,58.26,60.34,67.29,61.23,66.53,58.08,92.22,1
1.0,0.0,1.0,0.0,1.0,2.0,AID0230,Advanced,54.07,44.66,76.85,51.8,66.17,49.78,90.77,65.43,48.0,71.39,1
1.0,0.0,1.0,0.0,1.0,1.0,AID0460,Basic,40.95,49.48,55.86,36.55,68.07,45.48,47.11,33.68,44.6,56.3,0
0.0,0.0,1.0,0.0,1.0,0.0,AID0484,Advanced,57.81,57.13,53.28,65.02,67.5,45.98,60.22,53.56,65.32,56.6,0
1.0,0.0,1.0,1.0,0.0,1.0,AID0464,,27.98,25.67,44.37,50.72,55.13,55.34,41.63,37.93,41.09,77.86,0
1.0,0.0,0.0,0.0,0.0,1.0,AID0139,,47.15,22.97,28.63,41.64,41.08,43.97,27.09,38.61,40.07,81.36,0
0.0,0.0,0.0,1.0,0.0,2.0,AID0274,Advanced,71.26,62.29,61.81,66.15,58.19,55.38,66.09,70.16,53.87,77.25,1
0.0,0.0,1.0,1.0,0.0,2.0,AID0450,Advanced,56.52,62.92,50.42,57.19,75.88,68.13,59.25,80.76,76.61,73.34,1
0.0,0.0,1.0,1.0,0.0,1.0,AID0336,Basic,58.92,65.96,50.08,53.56,55.9,63.57,45.67,31.58,64.53,52.77,1
1.0,0.0,1.0,0.0,1.0,1.0,AID0363,Basic,49.66,65.42,44.7,63.64,65.95,64.49,50.52,55.53,52.86,93.12,1
0.0,1.0,0.0,0.0,0.0,1.0,AID0340,Advanced,41.38,65.2,44.52,54.96,47.03,52.42,60.09,44.44,41.85,64.71,1
0.0,0.0,1.0,0.0,0.0,1.0,AID0174,Advanced,45.9,60.54,55.58,56.73,68.85,67.63,68.26,50.32,68.8,42.93,1
0.0,0.0,1.0,0.0,1.0,1.0,AID0453,Basic,63.23,60.18,31.67,38.36,51.69,55.9,47.3,40.82,54.57,96.16,0
1.0,0.0,1.0,0.0,1.0,0.0,AID0292,,38.34,34.07,27.24,54.66,14.15,31.95,47.57,46.05,45.28,61.21,0
1.0,0.0,0.0,0.0,1.0,1.0,AID0134,Basic,48.76,53.7,62.46,66.09,67.37,54.31,52.56,49.86,68.66,69.34,1
0.0,0.0,1.0,0.0,1.0,1.0,AID0241,,9.62,21.47,51.26,22.31,36.44,8.67,4.46,49.96,52.3,89.77,0
0.0,0.0,0.0,0.0,1.0,0.0,AID0282,Basic,44.78,57.68,51.09,52.19,52.61,76.04,64.13,42.44,62.82,86.16,0
1.0,1.0,0.0,1.0,0.0,2.0,AID0248,Advanced,38.03,61.23,48.85,59.51,64.03,25.52,41.01,48.87,58.31,90.02,0
1.0,0.0,1.0,0.0,0.0,1.0,AID0110,Basic,53.56,56.34,57.72,61.4,53.13,51.76,46.16,64.84,40.44,89.63,0
1.0,1.0,0.0,1.0,0.0,2.0,AID0341,,24.42,0.0,10.26,11.86,29.75,11.57,23.81,25.12,32.8,44.4,0
1.0,0.0,0.0,0.0,0.0,1.0,AID0189,,40.44,61.73,33.84,22.97,26.88,47.81,31.9,54.56,71.02,46.85,0
1.0,0.0,1.0,0.0,0.0,1.0,AID0032,Advanced,53.64,70.99,62.2,63.99,48.86,63.67,52.38,55.81,54.7,92.58,1
1.0,1.0,0.0,1.0,0.0,1.0,AID0036,,41.27,43.47,0.0,34.34,15.52,34.55,42.72,24.29,7.74,55.47,0
1.0,0.0,0.0,0.0,0.0,1.0,AID0369,,41.73,27.64,45.22,31.64,34.41,24.5,38.16,46.78,41.43,46.21,0
0.0,0.0,1.0,1.0,0.0,1.0,AID0099,,29.39,29.56,36.34,60.7,31.72,51.93,44.64,48.39,57.88,91.08,0
1.0,0.0,1.0,1.0,0.0,2.0,AID0389,,69.69,30.14,67.95,29.91,36.0,23.96,24.27,45.68,28.76,43.6,0
0.0,0.0,0.0,0.0,0.0,0.0,AID0056,Basic,55.71,58.42,57.29,52.62,50.48,57.87,55.28,60.11,60.93,73.9,1
0.0,0.0,1.0,0.0,0.0,0.0,AID0374,Basic,57.84,30.87,38.43,44.32,51.88,37.75,38.88,49.94,52.09,68.28,1
0.0,1.0,0.0,0.0,0.0,0.0,AID0207,,40.32,47.3,26.3,11.96,11.6,17.11,28.34,15.18,32.75,47.75,0
0.0,0.0,0.0,0.0,0.0,2.0,AID0129,Advanced,61.55,74.13,57.85,46.44,60.77,55.88,69.32,58.08,88.36,50.31,1
0.0,0.0,1.0,0.0,1.0,0.0,AID0111,Advanced,57.82,67.22,55.68,65.23,55.69,73.99,54.44,62.82,46.85,89.03,1
0.0,0.0,1.0,1.0,0.0,1.0,AID0097,Advanced,67.57,56.12,62.27,67.7,44.53,64.97,76.53,70.49,57.4,88.37,1
0.0,1.0,0.0,0.0,0.0,2.0,AID0223,Basic,41.04,45.53,59.33,41.17,52.52,39.66,49.29,45.78,57.5,99.36,0
1.0,0.0,0.0,1.0,0.0,1.0,AID0186,Basic,32.82,51.45,53.12,39.96,36.51,58.34,58.78,58.01,48.73,49.14,1
0.0,0.0,1.0,0.0,0.0,2.0,AID0066,,34.15,42.26,47.21,36.88,8.55,49.63,42.64,38.13,24.94,41.43,0
0.0,0.0,1.0,1.0,0.0,2.0,AID0267,,20.0,43.49,33.94,42.32,23.34,23.84,25.66,37.45,30.7,73.27,0
1.0,0.0,1.0,0.0,1.0,2.0,AID0443,Advanced,83.73,67.26,65.08,64.21,56.88,78.72,57.38,69.17,55.97,98.95,1
0.0,0.0,1.0,0.0,0.0,1.0,AID0217,,24.83,23.23,37.2,31.8,30.93,37.61,59.29,31.23,39.22,97.12,0
0.0,0.0,1.0,0.0,0.0,1.0,AID0448,Advanced,56.71,68.26,53.34,60.68,67.27,54.47,58.42,65.59,47.34,99.69,0
0.0,0.0,0.0,1.0,0.0,0.0,AID0197,Basic,75.08,53.06,46.06,58.4,49.44,69.37,72.76,79.57,54.2,59.47,1
0.0,0.0,0.0,0.0,0.0,1.0,AID0399,Advanced,76.85,66.74,53.97,65.78,72.96,77.25,72.67,76.36,57.39,51.01,1
0.0,0.0,1.0,0.0,1.0,0.0,AID0071,Advanced,75.6,74.63,77.45,63.66,59.4,59.54,45.87,47.38,74.17,63.33,1
0.0,0.0,0.0,0.0,1.0,1.0,AID0087,,29.25,57.26,22.93,30.18,39.03,26.66,13.36,43.23,34.8,46.09,0
1.0,0.0,0.0,1.0,0.0,1.0,AID0201,Basic,61.68,49.66,35.18,63.74,48.56,40.98,57.82,50.19,67.62,99.21,1
0.0,0.0,0.0,0.0,1.0,1.0,AID0023,Basic,46.14,45.62,49.78,52.47,73.33,54.91,33.42,52.92,65.83,58.64,1
0.0,1.0,0.0,0.0,0.0,0.0,AID0098,Basic,53.4,48.31,21.38,47.75,35.5,50.47,39.46,21.91,42.65,93.31,0
1.0,0.0,1.0,0.0,0.0,0.0,AID0284,Advanced,62.66,51.44,56.02,65.21,67.94,48.21,49.91,54.88,73.11,42.41,1
1.0,0.0,0.0,1.0,0.0,1.0,AID0195,,18.34,31.77,10.06,62.75,22.83,36.43,43.05,36.9,33.65,62.35,0
0.0,1.0,0.0,1.0,0.0,1.0,AID0371,Advanced,45.89,47.21,42.14,44.64,49.18,44.65,40.17,49.06,40.98,63.65,1
1.0,0.0,0.0,1.0,0.0,1.0,AID0204,,47.11,57.79,18.51,38.98,20.6,34.72,34.29,46.95,23.39,65.41,0
1.0,0.0,1.0,0.0,0.0,2.0,AID0161,Advanced,68.7,50.68,69.99,53.79,74.23,79.8,69.36,49.2,49.97,68.55,1
1.0,0.0,0.0,0.0,1.0,1.0,AID0239,Basic,61.03,56.12,48.45,57.51,50.61,71.62,80.8,60.14,75.22,57.89,1
1.0,0.0,1.0,1.0,0.0,2.0,AID0242,Advanced,50.86,44.67,56.09,64.8,45.41,63.97,77.27,83.75,70.21,90.19,1
0.0,0.0,0.0,0.0,1.0,1.0,AID0259,Basic,42.74,44.89,62.53,36.35,53.66,44.61,62.92,67.69,56.35,43.78,1
0.0,0.0,0.0,1.0,0.0,0.0,AID0474,,48.13,36.65,40.14,26.8,53.49,41.04,44.38,35.8,70.7,62.87,0
0.0,0.0,1.0,1.0,0.0,0.0,AID0278,Basic,48.94,66.48,72.77,45.94,40.04,76.22,52.16,48.19,82.43,72.3,1
0.0,0.0,0.0,1.0,0.0,1.0,AID0470,Basic,70.14,56.13,52.03,58.33,55.28,59.14,71.81,43.07,62.83,81.87,0
1.0,1.0,0.0,0.0,1.0,2.0,AID0416,Basic,31.56,55.74,47.21,32.35,34.07,53.06,46.31,44.31,33.51,42.5,0
1.0,0.0,0.0,0.0,1.0,1.0,AID0286,Advanced,65.16,69.28,82.88,76.23,58.59,68.01,72.88,78.99,64.83,45.3,1
1.0,0.0,1.0,1.0,0.0,1.0,AID0008,Basic,28.47,31.45,58.16,61.68,46.11,50.7,42.56,38.97,31.64,92.37,1
0.0,0.0,1.0,1.0,0.0,2.0,AID0103,Basic,47.77,52.05,51.28,47.98,35.1,55.32,72.8,52.44,50.51,42.41,1
0.0,0.0,1.0,1.0,0.0,1.0,AID0035,Advanced,64.4,56.27,59.61,65.55,55.81,42.55,33.56,47.63,60.49,44.64,1
1.0,1.0,0.0,1.0,0.0,0.0,AID0256,Basic,13.63,22.14,20.46,45.6,46.59,42.0,33.96,49.56,61.69,43.12,0
1.0,0.0,1.0,0.0,0.0,1.0,AID0318,,21.5,29.61,8.79,42.42,39.85,23.24,26.61,20.32,33.72,86.41,0
0.0,0.0,0.0,0.0,0.0,1.0,AID0435,Basic,55.04,60.43,61.13,50.65,47.99,52.15,64.52,59.93,55.53,48.44,0
0.0,0.0,1.0,0.0,0.0,1.0,AID0432,Basic,52.02,56.71,49.54,44.94,60.3,49.55,42.16,54.0,52.48,60.12,1
0.0,0.0,1.0,0.0,1.0,2.0,AID0143,,21.0,24.99,17.97,40.62,42.28,38.53,13.76,34.78,56.89,44.18,0
0.0,0.0,1.0,0.0,0.0,2.0,AID0091,Advanced,59.3,41.64,68.06,54.74,68.6,53.65,58.35,89.44,65.68,95.72,1
1.0,1.0,0.0,0.0,0.0,0.0,AID0343,,8.66,20.33,24.67,33.8,26.84,26.02,39.46,26.21,10.09,42.4,0
1.0,0.0,1.0,1.0,0.0,0.0,AID0048,Advanced,88.5,47.01,61.39,55.42,58.35,53.91,65.13,70.06,57.21,43.67,1
1.0,0.0,0.0,1.0,0.0,2.0,AID0159,Advanced,66.07,67.57,65.39,79.08,60.81,70.15,70.31,48.38,61.82,45.05,1
0.0,0.0,1.0,0.0,0.0,1.0,AID0077,Advanced,70.48,67.47,50.94,84.48,40.14,57.32,62.93,69.19,53.14,82.09,1
1.0,0.0,1.0,0.0,1.0,1.0,AID0301,Advanced,71.77,61.47,55.75,55.42,59.5,46.76,51.45,51.2,43.26,60.92,1
1.0,0.0,1.0,0.0,1.0,2.0,AID0388,Basic,49.61,48.7,45.62,52.42,56.08,46.93,40.54,59.55,64.07,98.95,1
1.0,0.0,0.0,0.0,1.0,0.0,AID0332,,24.4,38.62,32.44,47.67,21.08,22.66,51.23,39.65,25.37,71.44,0
1.0,0.0,0.0,0.0,0.0,2.0,AID0322,,35.57,50.57,22.94,41.31,41.92,32.47,31.4,73.26,68.73,60.43,0
0.0,0.0,1.0,0.0,0.0,2.0,AID0049,,42.35,29.22,29.03,35.73,23.23,43.54,30.14,49.69,38.62,69.36,0
0.0,0.0,1.0,1.0,0.0,2.0,AID0368,Advanced,52.87,41.24,70.98,48.0,56.42,48.73,43.16,45.46,48.29,85.43,1
1.0,1.0,0.0,1.0,0.0,1.0,AID0433,,23.81,31.82,39.81,33.07,27.81,42.29,48.88,22.96,49.02,99.13,0
0.0,0.0,1.0,0.0,0.0,2.0,AID0167,Advanced,85.73,44.34,50.45,57.75,59.74,57.66,70.03,55.99,64.3,53.59,1
0.0,0.0,1.0,0.0,0.0,1.0,AID0271,,40.45,39.01,31.3,28.79,57.03,31.93,34.85,49.12,21.66,76.78,0
1.0,1.0,0.0,0.0,0.0,1.0,AID0122,Basic,41.72,35.31,39.5,18.69,34.5,29.82,38.43,42.53,47.63,52.57,0
1.0,0.0,0.0,0.0,0.0,0.0,AID0466,,33.22,26.5,50.41,33.67,50.07,46.41,50.14,23.58,39.89,82.52,0
0.0,1.0,0.0,1.0,0.0,2.0,AID0351,Basic,26.18,36.59,47.98,52.33,20.99,60.41,46.73,53.56,40.78,82.94,0
0.0,0.0,0.0,0.0,1.0,1.0,AID0043,,37.96,28.33,25.68,45.69,60.11,33.39,61.42,34.3,67.27,67.53,0
0.0,0.0,1.0,0.0,1.0,1.0,AID0457,,23.4,23.16,35.4,40.38,36.56,44.82,34.01,23.55,32.32,49.36,0
1.0,0.0,1.0,0.0,1.0,2.0,AID0306,Advanced,56.44,57.64,84.5,71.91,63.17,61.06,50.63,57.56,79.9,97.39,1
0.0,0.0,1.0,0.0,0.0,1.0,AID0344,,33.59,21.84,21.51,41.47,35.73,39.14,27.71,55.08,32.07,90.11,0
1.0,0.0,1.0,0.0,0.0,1.0,AID0462,Basic,57.4,36.92,52.07,61.08,24.28,26.71,54.49,54.32,39.04,91.18,0
1.0,0.0,1.0,0.0,1.0,1.0,AID0483,Advanced,58.89,69.23,52.91,76.31,62.15,70.51,52.3,65.81,52.09,59.97,1
0.0,0.0,1.0,1.0,0.0,1.0,AID0442,Advanced,52.57,59.68,47.98,56.42,50.87,53.3,49.91,40.21,70.95,61.3,0
0.0,0.0,0.0,0.0,1.0,1.0,AID0072,Basic,36.28,49.67,34.93,47.57,44.17,58.7,47.58,70.47,60.39,47.15,1
1.0,0.0,1.0,0.0,1.0,1.0,AID0142,Basic,58.13,63.2,65.68,53.19,52.79,66.66,63.4,37.43,45.07,81.36,1
0.0,0.0,0.0,1.0,0.0,0.0,AID0029,Advanced,62.07,56.05,58.79,70.72,62.4,74.35,65.5,63.79,64.7,80.38,1
0.0,0.0,1.0,1.0,0.0,1.0,AID0246,Basic,63.46,45.1,57.33,33.9,44.78,39.8,41.53,54.67,54.44,58.24,1
0.0,0.0,0.0,0.0,0.0,2.0,AID0196,,65.9,50.92,45.98,51.95,31.55,44.83,29.46,38.68,33.81,67.46,0
1.0,0.0,1.0,1.0,0.0,1.0,AID0203,Advanced,60.06,58.48,50.54,50.41,84.8,77.38,58.84,65.87,69.2,49.02,1
0.0,0.0,1.0,0.0,1.0,0.0,AID0052,Advanced,65.83,65.41,63.77,60.38,69.25,69.85,56.45,45.13,45.76,44.18,1
1.0,1.0,0.0,1.0,0.0,1.0,AID0005,Advanced,78.52,83.93,59.79,52.68,67.47,89.24,30.31,43.85,55.91,78.44,1
1.0,0.0,1.0,1.0,0.0,1.0,AID0334,Advanced,71.52,67.3,72.92,74.79,79.62,59.88,62.13,51.59,31.89,98.4,1
1.0,1.0,0.0,1.0,0.0,2.0,AID0338,Advanced,45.37,36.09,71.5,43.96,40.03,62.32,55.08,58.91,35.01,73.71,0
1.0,0.0,1.0,0.0,0.0,1.0,AID0148,Basic,70.88,74.26,43.47,47.17,65.86,45.66,39.94,60.21,36.22,40.76,1
1.0,0.0,1.0,0.0,0.0,0.0,AID0277,Basic,35.64,52.33,55.39,54.06,63.16,52.37,47.98,50.39,63.52,97.07,1
0.0,1.0,0.0,0.0,1.0,2.0,AID0090,,50.96,17.86,29.73,33.87,18.79,28.71,7.16,64.68,0.0,93.68,0
1.0,1.0,0.0,1.0,0.0,0.0,AID0244,Advanced,37.96,47.02,35.25,22.11,66.0,39.9,42.55,67.8,60.35,78.7,0
0.0,1.0,0.0,1.0,0.0,2.0,AID0421,,28.29,21.98,30.9,35.67,16.11,31.47,35.92,5.12,12.91,67.07,0
1.0,0.0,0.0,0.0,1.0,2.0,AID0370,Basic,54.98,37.25,59.53,65.5,56.91,35.85,54.9,51.92,58.5,53.87,1
1.0,0.0,0.0,0.0,1.0,1.0,AID0365,,13.14,56.19,30.82,72.48,30.53,30.52,39.94,26.7,33.7,95.95,0
0.0,1.0,0.0,0.0,1.0,1.0,AID0364,Basic,36.04,42.11,26.98,45.45,41.7,49.95,32.64,31.33,45.09,61.7,0
1.0,1.0,0.0,0.0,1.0,2.0,AID0041,Advanced,44.48,51.74,61.35,60.74,54.74,47.78,41.98,39.65,55.75,73.71,1
0.0,1.0,0.0,1.0,0.0,1.0,AID0045,Basic,51.58,29.16,43.92,46.62,52.17,32.95,28.96,31.43,43.57,57.77,1
0.0,0.0,1.0,0.0,1.0,0.0,AID0028,,31.47,43.96,37.81,25.21,21.64,32.86,42.96,29.07,36.45,41.83,0
0.0,0.0,1.0,1.0,0.0,1.0,AID0451,,25.62,42.97,33.11,44.89,46.67,11.78,7.95,43.27,34.69,69.08,0
1.0,0.0,1.0,0.0,1.0,1.0,AID0390,Basic,45.12,46.75,19.98,60.63,34.07,45.29,46.38,52.11,49.19,69.28,1
0.0,0.0,0.0,0.0,0.0,2.0,AID0458,Basic,70.43,42.09,42.46,60.69,65.91,45.87,49.31,52.26,46.15,55.21,1
1.0,1.0,0.0,0.0,0.0,1.0,AID0279,Advanced,38.85,31.34,62.2,54.68,73.76,60.58,75.79,78.91,62.18,80.32,1
1.0,0.0,0.0,0.0,1.0,1.0,AID0064,,40.98,44.12,49.39,22.82,42.08,41.75,45.62,38.96,15.01,91.88,0
0.0,0.0,0.0,0.0,0.0,2.0,AID0461,Basic,66.94,57.86,54.73,57.74,60.41,53.04,55.38,47.07,48.57,86.08,1
1.0,0.0,1.0,0.0,0.0,1.0,AID0359,Basic,54.81,52.54,46.18,70.92,35.03,43.01,42.92,51.0,42.39,42.99,0
1.0,1.0,0.0,1.0,0.0,1.0,AID0173,Advanced,29.91,66.91,50.99,50.61,51.01,55.1,45.0,34.37,39.36,47.59,0
0.0,0.0,0.0,0.0,0.0,2.0,AID0156,Basic,61.09,42.86,71.48,47.94,52.81,51.17,49.54,58.18,56.87,82.29,1
1.0,0.0,1.0,0.0,0.0,0.0,AID0487,Basic,48.12,30.91,50.11,45.75,51.04,38.79,55.55,54.59,47.23,92.76,0
1.0,0.0,1.0,1.0,0.0,1.0,AID0014,Advanced,62.92,52.13,57.03,56.83,47.35,63.33,74.88,62.7,52.64,76.41,1
1.0,0.0,0.0,0.0,0.0,2.0,AID0263,,43.53,24.74,52.36,26.56,56.68,41.16,55.28,35.17,56.67,42.43,0
0.0,1.0,0.0,0.0,1.0,2.0,AID0290,Basic,45.02,34.19,47.09,34.67,26.53,38.93,33.83,26.67,32.97,91.52,0
1.0,1.0,0.0,1.0,0.0,1.0,AID0086,Advanced,46.46,40.14,52.42,42.72,39.47,37.8,49.39,57.45,36.53,45.86,1
0.0,0.0,1.0,0.0,0.0,0.0,AID0092,,39.66,36.23,37.26,44.88,39.57,55.16,53.7,24.9,24.75,98.55,0
0.0,0.0,1.0,1.0,0.0,1.0,AID0436,Basic,55.36,54.17,41.84,44.53,39.66,47.98,47.38,44.26,43.08,53.18,1
0.0,0.0,1.0,0.0,1.0,2.0,AID0145,Basic,53.67,31.25,52.26,51.8,53.14,52.73,62.64,79.85,41.49,86.67,1
1.0,0.0,1.0,0.0,0.0,2.0,AID0392,Basic,47.15,52.03,52.82,44.18,48.61,39.36,44.69,66.04,50.02,49.07,1
0.0,1.0,0.0,1.0,0.0,2.0,AID0190,Basic,50.23,29.23,41.77,32.3,23.0,38.91,33.83,38.25,49.28,54.43,0
1.0,0.0,1.0,0.0,1.0,2.0,AID0155,Basic,47.99,36.73,54.14,39.72,50.07,57.88,67.93,38.62,62.75,70.07,1
1.0,0.0,0.0,0.0,0.0,1.0,AID0378,Advanced,64.22,62.34,39.68,85.21,66.06,78.16,53.65,60.88,79.48,96.51,1
0.0,0.0,0.0,0.0,0.0,1.0,AID0488,Basic,57.72,46.66,48.17,51.02,43.97,51.26,44.23,64.52,40.7,86.75,0
1.0,0.0,1.0,0.0,1.0,0.0,AID0177,,45.88,20.87,52.65,25.33,45.44,50.14,43.27,33.99,16.28,48.9,0
1.0,0.0,0.0,0.0,1.0,2.0,AID0135,Basic,53.46,55.47,56.66,40.2,58.81,49.27,48.57,43.37,51.53,87.88,1
0.0,0.0,1.0,0.0,0.0,2.0,AID0026,,40.66,14.54,31.03,18.13,36.58,56.55,35.67,35.04,50.14,61.15,0
1.0,1.0,0.0,1.0,0.0,1.0,AID0391,Basic,30.25,53.4,40.0,54.99,38.04,53.5,50.79,48.61,36.35,86.44,1
1.0,0.0,0.0,0.0,1.0,2.0,AID0366,,58.97,47.43,38.01,27.01,52.08,32.32,27.86,41.53,45.39,77.84,0
0.0,1.0,0.0,1.0,0.0,0.0,AID0042,,16.73,16.62,51.19,52.5,19.5,28.24,28.32,10.65,16.03,66.0,0
0.0,0.0,1.0,1.0,0.0,1.0,AID0393,,40.61,49.62,24.28,22.52,30.79,43.98,48.17,22.22,32.8,76.69,0
0.0,1.0,0.0,1.0,0.0,0.0,AID0050,,15.79,0.0,27.16,31.17,29.34,15.24,57.18,17.0,43.14,88.8,0
1.0,0.0,0.0,0.0,0.0,0.0,AID0254,,35.1,41.41,28.0,64.31,31.16,49.16,49.6,41.44,56.33,41.9,0
0.0,0.0,1.0,0.0,0.0,2.0,AID0330,Advanced,52.51,48.97,66.86,64.36,72.22,59.77,60.44,86.58,56.95,91.74,1
0.0,0.0,1.0,1.0,0.0,0.0,AID0397,Advanced,55.57,50.98,43.22,63.1,69.84,29.11,38.36,52.76,60.17,59.74,1
0.0,0.0,0.0,1.0,0.0,0.0,AID0076,Advanced,64.03,65.81,59.02,57.32,56.9,68.37,71.66,68.79,74.79,69.31,1
0.0,0.0,0.0,0.0,1.0,0.0,AID0170,,15.41,52.45,33.14,23.74,41.45,35.6,31.44,50.15,16.6,66.28,0
0.0,1.0,0.0,0.0,0.0,1.0,AID0266,Basic,40.71,32.69,35.52,32.07,48.44,52.53,46.98,40.3,21.79,66.27,0
0.0,0.0,1.0,1.0,0.0,1.0,AID0342,,22.87,37.14,33.34,50.98,55.67,27.35,32.69,39.54,18.58,64.31,0
1.0,0.0,1.0,0.0,1.0,1.0,AID0497,Basic,50.68,42.22,34.65,40.9,67.46,56.48,63.35,48.32,45.02,71.93,0
1.0,0.0,1.0,0.0,0.0,1.0,AID0169,Advanced,79.34,45.9,45.19,38.51,51.3,50.48,55.66,73.98,50.39,79.23,1
0.0,0.0,1.0,1.0,0.0,1.0,AID0219,,65.9,41.94,33.28,45.05,28.08,43.05,48.56,33.42,38.43,79.58,0
1.0,0.0,0.0,0.0,1.0,2.0,AID0439,Basic,42.14,53.7,48.29,45.95,64.91,52.81,54.88,56.66,61.44,67.75,0
0.0,0.0,1.0,0.0,1.0,1.0,AID0295,Advanced,47.59,73.78,42.47,60.3,75.38,51.72,51.57,70.92,66.19,79.31,1
1.0,0.0,1.0,0.0,1.0,2.0,AID0039,Basic,34.37,69.94,48.86,42.69,55.29,75.44,57.44,55.16,47.19,92.51,1
0.0,0.0,1.0,0.0,0.0,1.0,AID0402,Advanced,55.38,83.62,69.12,68.79,58.69,69.04,65.5,35.41,65.18,61.22,1
1.0,1.0,0.0,1.0,0.0,0.0,AID0185,Basic,29.47,45.62,22.73,45.01,35.44,38.34,54.53,28.87,36.46,57.81,0
1.0,0.0,1.0,0.0,1.0,1.0,AID0020,,20.76,63.14,27.69,32.1,18.49,38.17,39.23,27.55,26.64,44.17,0
0.0,0.0,1.0,1.0,0.0,1.0,AID0333,,36.78,21.04,54.07,46.01,28.15,53.46,47.93,28.78,29.48,94.89,0
0.0,0.0,0.0,1.0,0.0,1.0,AID0300,,41.26,53.46,39.07,43.28,37.3,40.57,33.64,35.88,23.78,89.87,0
1.0,0.0,1.0,0.0,0.0,1.0,AID0479,,40.83,2.63,51.34,56.12,41.99,41.85,25.14,32.88,26.09,62.16,0
0.0,1.0,0.0,0.0,1.0,1.0,AID0481,Advanced,68.37,55.98,34.18,41.32,55.2,45.36,24.17,43.47,47.19,67.86,0
1.0,0.0,0.0,0.0,0.0,0.0,AID0188,Basic,70.25,37.81,40.25,53.44,58.07,52.43,67.33,50.36,48.66,47.94,1
0.0,0.0,0.0,1.0,0.0,2.0,AID0325,Basic,64.85,62.6,59.66,40.28,50.29,49.12,60.24,69.55,57.43,75.11,1
0.0,0.0,0.0,1.0,0.0,1.0,AID0382,Basic,75.65,57.29,55.4,46.02,59.32,49.69,64.27,65.84,51.72,60.86,1
0.0,0.0,0.0,0.0,1.0,0.0,AID0345,Basic,69.18,74.65,53.25,54.48,70.04,66.74,56.37,54.35,54.97,52.58,1
0.0,1.0,0.0,1.0,0.0,0.0,AID0119,Basic,21.22,11.8,48.88,41.32,28.93,33.46,38.02,47.65,51.23,68.41,0
1.0,1.0,0.0,0.0,0.0,1.0,AID0455,Basic,21.65,35.34,36.2,42.84,39.49,37.77,55.21,51.64,27.72,63.79,0
1.0,0.0,0.0,0.0,1.0,1.0,AID0146,,38.37,37.18,28.59,27.68,36.09,30.56,44.88,48.6,60.81,54.71,0
0.0,1.0,0.0,0.0,1.0,2.0,AID0367,Basic,30.74,34.92,38.13,37.52,28.74,45.8,51.14,31.21,40.59,96.05,0
0.0,0.0,1.0,0.0,1.0,1.0,AID0067,Advanced,65.2,56.75,60.42,83.94,55.16,69.12,75.43,47.8,49.67,43.09,1
0.0,0.0,1.0,0.0,1.0,1.0,AID0234,Basic,52.58,63.06,35.6,29.68,38.96,60.89,47.2,34.51,51.96,80.38,0
1.0,0.0,1.0,1.0,0.0,1.0,AID0001,,38.48,30.29,37.03,33.53,39.61,58.16,53.42,35.32,38.19,70.68,0
0.0,0.0,1.0,1.0,0.0,1.0,AID0235,Advanced,80.89,55.28,81.9,79.41,54.66,46.19,66.58,41.84,64.34,58.27,1
1.0,0.0,1.0,0.0,1.0,1.0,AID0492,,2.53,31.16,64.13,41.04,36.79,41.81,14.78,38.49,11.62,51.07,0
1.0,0.0,0.0,0.0,0.0,2.0,AID0003,,30.21,48.13,43.13,42.43,60.93,20.74,28.86,32.32,44.11,79.6,1
0.0,0.0,0.0,0.0,0.0,1.0,AID0030,Basic,37.6,68.82,59.93,59.08,72.71,66.14,45.46,47.42,56.18,88.98,1
1.0,0.0,1.0,0.0,0.0,1.0,AID0252,,31.29,31.56,47.19,54.74,18.08,24.02,24.14,24.25,22.69,71.6,0
1.0,0.0,0.0,0.0,1.0,1.0,AID0249,,40.74,35.1,58.23,49.83,64.12,62.76,34.97,34.81,58.76,45.25,0
1.0,0.0,1.0,1.0,0.0,2.0,AID0414,,27.27,36.2,42.79,44.17,11.6,23.39,6.59,39.62,29.15,72.0,0
0.0,0.0,1.0,1.0,0.0,0.0,AID0434,Basic,49.3,44.51,43.79,43.13,43.11,52.83,66.89,47.42,36.19,71.31,0
0.0,1.0,0.0,1.0,0.0,0.0,AID0349,Basic,47.88,36.9,42.26,32.41,24.17,49.47,54.76,38.71,40.38,53.14,0
0.0,1.0,0.0,0.0,0.0,1.0,AID0237,Advanced,32.84,54.19,49.78,58.79,59.51,54.19,39.93,53.03,61.05,96.14,1
1.0,0.0,0.0,0.0,1.0,1.0,AID0493,Advanced,48.75,56.99,67.35,72.83,77.59,60.87,31.99,70.64,65.45,56.39,1
1.0,0.0,0.0,0.0,0.0,1.0,AID0140,Advanced,77.58,37.05,76.18,74.35,83.85,45.28,54.53,69.69,54.82,80.06,1
1.0,0.0,1.0,0.0,0.0,1.0,AID0261,Basic,52.29,42.52,64.61,68.92,39.26,48.71,53.22,50.52,61.95,71.77,1
0.0,0.0,0.0,0.0,0.0,2.0,AID0482,Basic,41.61,35.82,64.05,43.84,52.98,48.09,51.74,58.42,56.87,70.97,0
1.0,0.0,1.0,0.0,1.0,1.0,AID0040,,52.26,55.49,30.32,52.25,42.04,36.8,46.7,19.17,39.78,60.83,0
0.0,0.0,1.0,0.0,1.0,2.0,AID0037,Basic,49.0,59.62,59.85,57.83,52.04,52.2,53.0,62.27,53.02,45.65,1
0.0,1.0,0.0,0.0,0.0,0.0,AID0406,Basic,59.89,48.54,23.41,36.31,45.38,55.36,44.19,74.36,37.49,79.25,1
1.0,0.0,0.0,0.0,0.0,2.0,AID0302,,47.43,44.77,39.96,29.35,8.81,30.35,37.71,31.22,36.05,64.01,0
1.0,0.0,0.0,0.0,0.0,1.0,AID0088,Advanced,69.44,48.42,59.94,62.83,75.3,54.98,81.62,77.87,56.68,82.29,1
0.0,0.0,0.0,1.0,0.0,2.0,AID0150,,47.53,31.61,24.88,44.65,24.55,23.86,51.2,19.18,35.28,43.91,0
0.0,0.0,1.0,0.0,0.0,1.0,AID0243,Basic,54.36,30.46,50.7,44.76,75.32,31.62,36.17,49.01,55.7,88.87,1
0.0,0.0,1.0,0.0,1.0,0.0,AID0398,Basic,57.39,47.37,34.15,66.99,44.93,47.34,49.49,29.5,54.86,75.89,1
1.0,0.0,0.0,0.0,1.0,1.0,AID0222,,60.67,40.66,48.4,55.05,59.49,48.6,32.52,50.71,48.82,67.77,0
0.0,0.0,1.0,1.0,0.0,2.0,AID0491,Basic,70.85,61.87,42.04,50.43,60.08,55.54,49.64,57.07,52.98,76.16,0
0.0,0.0,1.0,0.0,1.0,2.0,AID0114,Advanced,44.47,71.54,64.76,50.46,40.74,73.71,64.7,89.0,70.73,96.99,1
1.0,0.0,1.0,1.0,0.0,1.0,AID0004,,34.75,47.28,50.49,42.1,22.52,33.87,48.52,24.9,37.56,57.34,0
0.0,1.0,0.0,1.0,0.0,0.0,AID0158,,30.23,26.55,36.22,10.19,0.0,18.62,0.0,7.79,15.97,78.99,0
0.0,0.0,1.0,1.0,0.0,1.0,AID0006,Basic,56.09,59.31,64.18,55.77,60.92,61.85,60.88,60.91,42.64,49.4,1
0.0,0.0,1.0,0.0,1.0,0.0,AID0358,Advanced,69.15,47.2,50.57,58.81,72.32,67.08,60.24,65.83,77.69,94.13,1
1.0,0.0,1.0,0.0,0.0,1.0,AID0360,Advanced,45.67,67.56,67.23,66.33,80.28,77.99,48.72,44.33,66.73,71.45,1
1.0,0.0,0.0,0.0,1.0,2.0,AID0275,Advanced,87.84,43.13,70.31,51.37,51.2,47.68,55.44,74.8,73.72,98.15,1
1.0,0.0,1.0,1.0,0.0,2.0,AID0214,,26.7,39.68,6.55,42.93,19.2,39.88,42.0,18.54,41.18,59.73,0
1.0,0.0,1.0,0.0,0.0,1.0,AID0293,Basic,46.34,44.62,63.85,51.95,51.51,46.04,64.89,38.93,54.94,83.17,1
0.0,0.0,0.0,0.0,1.0,0.0,AID0268,Basic,41.61,69.88,68.4,63.93,50.37,46.97,40.83,40.81,47.89,87.99,0
1.0,0.0,1.0,1.0,0.0,2.0,AID0447,Basic,48.98,60.58,55.14,63.12,58.42,50.03,31.33,58.38,62.03,84.03,1
0.0,0.0,1.0,0.0,1.0,1.0,AID0253,Advanced,65.73,45.25,73.76,63.82,37.7,65.4,77.11,54.06,65.74,95.6,1
1.0,0.0,1.0,0.0,1.0,1.0,AID0124,Basic,46.43,55.89,47.25,41.94,41.1,55.78,46.05,34.82,47.06,43.65,1
1.0,0.0,1.0,0.0,0.0,2.0,AID0132,,48.03,21.14,35.27,22.2,58.22,29.2,32.68,63.75,10.56,52.23,0
1.0,0.0,0.0,0.0,0.0,1.0,AID0007,Basic,62.63,45.75,53.01,31.71,62.35,41.26,44.44,47.03,51.41,78.36,1
1.0,1.0,0.0,0.0,0.0,2.0,AID0120,Advanced,66.31,61.16,55.07,59.8,40.9,28.79,50.66,60.73,42.1,89.76,1
0.0,0.0,0.0,0.0,0.0,1.0,AID0141,Basic,57.49,70.2,38.76,37.48,55.55,60.45,49.71,65.84,48.23,66.97,1
0.0,0.0,1.0,1.0,0.0,0.0,AID0070,Basic,41.34,57.26,39.8,51.59,40.31,69.02,65.02,62.66,51.6,92.4,1
1.0,1.0,0.0,0.0,1.0,0.0,AID0184,,30.85,16.17,46.4,11.94,25.67,22.03,28.8,6.43,8.57,62.3,0
0.0,0.0,1.0,1.0,0.0,2.0,AID0405,Basic,43.13,51.23,45.07,49.89,63.51,41.67,37.81,41.74,48.58,74.0,1
1.0,0.0,1.0,1.0,0.0,2.0,AID0157,Basic,52.97,40.7,42.3,37.46,45.37,46.97,52.88,45.21,56.98,49.32,1
1.0,1.0,0.0,1.0,0.0,0.0,AID0062,Basic,34.3,32.31,32.15,25.65,42.7,27.81,27.25,33.81,45.28,78.56,0
1.0,0.0,0.0,0.0,0.0,1.0,AID0291,Advanced,69.74,60.04,56.21,60.69,56.12,65.28,70.44,56.64,58.14,95.17,1
0.0,0.0,0.0,0.0,0.0,2.0,AID0467,,46.42,38.97,47.32,49.24,44.75,47.85,35.04,27.97,18.86,63.45,0
0.0,0.0,1.0,0.0,0.0,0.0,AID0176,Basic,76.93,62.31,57.25,66.6,46.5,54.0,54.21,51.84,46.4,44.79,0
0.0,0.0,0.0,1.0,0.0,2.0,AID0285,Basic,43.45,55.05,62.38,74.01,67.6,74.18,78.78,54.65,50.25,72.8,1
1.0,1.0,0.0,0.0,0.0,1.0,AID0415,Basic,52.4,39.57,52.07,45.39,32.82,45.46,52.17,58.5,46.31,79.57,1
1.0,0.0,1.0,1.0,0.0,0.0,AID0441,Advanced,55.31,57.51,73.33,66.97,63.45,47.37,65.33,44.13,66.77,86.76,1
1.0,0.0,1.0,0.0,1.0,2.0,AID0255,Advanced,82.15,50.99,71.93,49.29,78.95,58.36,57.61,48.48,52.11,86.4,1
1.0,0.0,1.0,0.0,0.0,1.0,AID0061,Advanced,95.61,49.01,50.66,63.54,51.37,44.14,54.43,43.84,34.07,88.8,1
0.0,0.0,1.0,0.0,1.0,0.0,AID0335,Basic,43.89,44.99,34.09,51.13,44.96,26.75,39.05,63.56,50.09,55.73,0
0.0,0.0,1.0,0.0,1.0,2.0,AID0089,Advanced,64.37,58.01,49.93,61.58,68.13,63.99,66.62,48.95,60.83,52.29,1
0.0,0.0,1.0,0.0,0.0,1.0,AID0444,,35.57,29.3,24.39,28.63,20.78,52.16,44.12,38.07,38.25,50.85,0
0.0,1.0,0.0,0.0,0.0,2.0,AID0308,Basic,35.32,42.71,41.96,53.52,52.43,49.35,55.96,59.33,45.02,50.17,1
0.0,0.0,1.0,0.0,0.0,0.0,AID0437,Basic,72.76,43.54,57.54,49.39,58.52,43.59,41.79,53.26,47.89,68.92,1
0.0,0.0,1.0,1.0,0.0,0.0,AID0202,Advanced,67.18,36.72,47.79,62.74,59.0,46.08,79.63,70.86,65.27,42.69,1
0.0,0.0,1.0,0.0,0.0,2.0,AID0310,Basic,43.7,48.62,54.6,43.98,54.88,52.71,48.36,22.96,36.33,98.28,0
1.0,1.0,0.0,0.0,0.0,1.0,AID0180,Basic,58.81,55.09,42.0,41.86,21.47,52.42,38.61,60.92,37.81,74.94,0
1.0,0.0,0.0,0.0,0.0,1.0,AID0269,,53.74,43.31,38.77,32.88,19.41,48.5,43.81,45.69,30.63,76.63,0
0.0,1.0,0.0,1.0,0.0,2.0,AID0069,Basic,49.17,36.79,37.31,44.21,38.16,35.19,35.92,43.39,54.88,56.63,1
0.0,0.0,1.0,0.0,1.0,1.0,AID0413,Basic,45.4,57.41,62.23,35.64,44.57,61.94,59.44,61.22,28.09,69.91,0
1.0,1.0,0.0,1.0,0.0,2.0,AID0128,Advanced,68.39,44.33,27.5,40.38,38.52,40.53,55.16,34.26,51.86,65.34,1
0.0,0.0,0.0,1.0,0.0,1.0,AID0021,Advanced,57.42,72.15,79.22,59.34,40.99,77.6,61.98,54.73,75.98,69.78,1
0.0,0.0,1.0,0.0,1.0,2.0,AID0017,Basic,48.27,44.77,45.77,51.34,32.88,33.7,47.02,41.15,40.67,46.43,1
0.0,1.0,0.0,0.0,0.0,1.0,AID0379,Advanced,59.91,66.16,38.52,40.69,46.2,45.83,50.15,48.99,54.49,92.62,1
1.0,0.0,1.0,0.0,1.0,1.0,AID0446,,45.8,32.99,51.67,34.9,53.29,54.36,44.71,44.95,42.3,45.38,0
0.0,0.0,1.0,0.0,1.0,2.0,AID0296,,48.41,50.35,33.56,37.76,51.98,19.65,34.13,50.72,17.6,60.42,0
1.0,1.0,0.0,0.0,0.0,1.0,AID0063,,29.48,19.53,14.6,28.83,44.05,25.02,35.28,24.03,13.5,67.48,0
1.0,0.0,1.0,0.0,1.0,2.0,AID0375,Advanced,63.73,60.98,52.2,72.32,81.15,48.62,42.23,63.31,50.14,97.38,0
1.0,1.0,0.0,0.0,0.0,1.0,AID0477,Advanced,58.85,51.58,69.42,52.17,50.49,60.7,36.27,58.92,12.38,93.35,0
1.0,1.0,0.0,1.0,0.0,1.0,AID0181,Advanced,44.9,53.42,50.04,33.09,47.19,63.95,63.85,37.06,47.35,99.21,1
1.0,0.0,1.0,0.0,1.0,0.0,AID0384,Basic,39.45,35.67,34.09,53.61,41.77,30.93,47.78,54.8,56.52,61.65,1
0.0,0.0,1.0,0.0,0.0,1.0,AID0420,Basic,81.13,47.02,48.15,44.62,41.92,40.44,48.64,57.11,43.43,89.66,0
0.0,1.0,0.0,0.0,1.0,0.0,AID0401,Basic,42.4,36.94,47.58,49.96,25.07,43.4,39.94,32.93,46.66,65.0,0
1.0,0.0,0.0,1.0,0.0,0.0,AID0264,Advanced,55.86,77.25,73.55,66.34,46.03,69.84,51.07,90.28,74.84,76.76,1
1.0,0.0,0.0,0.0,1.0,2.0,AID0456,,18.2,37.34,51.34,42.39,48.86,47.32,59.19,37.71,40.31,99.46,0
1.0,0.0,1.0,1.0,0.0,2.0,AID0194,Basic,39.43,60.28,46.78,62.21,37.77,51.19,44.22,44.71,41.75,99.26,0
0.0,0.0,1.0,0.0,0.0,1.0,AID0054,Advanced,66.45,63.04,62.58,54.14,54.79,58.13,66.24,71.99,53.77,85.86,1
0.0,1.0,0.0,1.0,0.0,1.0,AID0419,Basic,35.94,46.62,31.48,38.96,20.32,25.22,40.24,36.44,62.94,68.1,0
0.0,0.0,0.0,0.0,1.0,1.0,AID0102,Advanced,41.49,62.32,82.85,70.98,72.71,63.61,52.27,62.52,65.64,45.85,1
0.0,0.0,0.0,1.0,0.0,1.0,AID0305,,33.64,38.72,26.76,31.69,30.79,45.86,45.42,59.69,37.23,72.66,0
0.0,0.0,0.0,0.0,0.0,1.0,AID0281,Advanced,48.21,69.48,50.23,61.39,60.67,77.47,67.04,64.19,66.73,62.83,1
1.0,1.0,0.0,1.0,0.0,1.0,AID0327,Basic,33.14,26.77,35.13,36.98,31.85,24.48,31.1,41.16,41.5,93.35,0
1.0,0.0,1.0,1.0,0.0,2.0,AID0247,Basic,51.46,41.06,36.11,47.56,56.14,29.54,28.49,52.93,37.24,40.51,0
0.0,0.0,1.0,0.0,0.0,2.0,AID0377,Basic,50.68,51.44,57.5,51.68,70.2,65.61,55.03,41.61,54.89,87.14,0
0.0,0.0,1.0,1.0,0.0,1.0,AID0372,,18.66,23.54,23.82,13.54,39.37,15.11,40.67,43.28,24.07,50.21,0
1.0,0.0,0.0,0.0,1.0,2.0,AID0220,,33.62,42.7,22.54,40.37,43.92,39.79,33.84,45.93,31.66,91.4,0
0.0,0.0,1.0,1.0,0.0,1.0,AID0383,Advanced,73.97,53.74,53.01,44.51,66.19,57.3,61.73,49.46,49.87,63.99,1
0.0,0.0,1.0,0.0,0.0,2.0,AID0044,Basic,49.22,33.03,35.45,56.24,51.8,47.21,28.46,58.83,47.08,98.17,0
0.0,0.0,1.0,1.0,0.0,1.0,AID0233,,27.48,19.21,53.33,34.78,26.61,21.39,24.14,24.21,38.74,90.63,0
0.0,0.0,1.0,1.0,0.0,1.0,AID0394,Basic,53.84,36.25,54.74,41.37,59.94,39.12,45.66,56.72,37.3,54.37,0
1.0,1.0,0.0,0.0,1.0,1.0,AID0395,Advanced,55.37,67.68,43.21,34.28,44.47,37.01,72.8,41.74,63.86,92.04,1
0.0,0.0,1.0,0.0,0.0,1.0,AID0238,Advanced,51.27,59.81,38.88,73.46,68.01,46.08,68.36,62.58,77.67,75.17,1
1.0,1.0,0.0,1.0,0.0,1.0,AID0013,Basic,26.85,58.78,38.82,28.49,42.16,51.18,42.26,59.8,59.1,92.83,0
0.0,0.0,1.0,0.0,1.0,2.0,AID0272,Basic,37.42,31.4,54.8,56.31,42.69,31.82,36.49,61.93,53.73,77.7,0
0.0,0.0,1.0,0.0,0.0,1.0,AID0002,,51.76,19.13,63.05,34.87,19.56,16.48,27.97,22.91,24.23,78.18,0
0.0,0.0,0.0,0.0,0.0,0.0,AID0280,,48.2,24.25,44.17,48.63,39.13,33.0,65.72,29.79,44.76,45.97,0
1.0,0.0,0.0,0.0,0.0,2.0,AID0260,Basic,57.67,69.48,49.05,26.06,62.77,60.47,65.34,61.31,42.34,87.35,1
0.0,1.0,0.0,0.0,0.0,1.0,AID0175,Advanced,57.34,42.17,44.14,50.2,42.02,58.98,74.91,44.51,52.31,92.68,1
0.0,0.0,0.0,1.0,0.0,2.0,AID0309,Basic,74.94,80.32,37.8,82.48,53.69,73.17,66.43,45.97,54.82,68.39,1
1.0,0.0,1.0,0.0,0.0,1.0,AID0315,Basic,54.6,68.08,43.09,52.8,48.05,39.62,28.28,51.81,53.93,84.42,1
0.0,0.0,1.0,1.0,0.0,2.0,AID0438,Basic,38.7,52.92,78.34,43.03,47.27,46.95,65.22,48.16,51.37,42.55,1
1.0,0.0,0.0,0.0,1.0,2.0,AID0362,Basic,57.75,55.76,53.3,40.32,60.6,52.59,50.49,61.75,72.18,68.1,1
0.0,1.0,0.0,0.0,1.0,1.0,AID0010,Advanced,56.62,50.26,35.12,49.42,26.28,57.59,41.2,37.65,50.27,50.17,1
1.0,0.0,1.0,0.0,1.0,2.0,AID0331,,53.03,53.12,0.0,18.43,68.07,23.04,27.04,33.37,14.17,63.43,0
1.0,0.0,0.0,0.0,1.0,1.0,AID0328,,21.08,53.92,43.9,32.81,56.23,60.96,53.55,50.84,37.09,99.6,0
1.0,0.0,0.0,0.0,0.0,0.0,AID0162,,21.41,30.1,22.34,46.88,33.13,28.99,48.75,34.81,45.89,79.21,0
0.0,0.0,0.0,0.0,1.0,1.0,AID0109,Advanced,63.19,27.88,64.47,62.16,54.69,46.92,66.21,62.09,67.06,68.8,1
0.0,1.0,0.0,0.0,1.0,1.0,AID0480,Basic,38.31,53.02,65.61,32.3,48.15,48.89,30.51,26.95,33.97,93.32,0
0.0,1.0,0.0,1.0,0.0,2.0,AID0131,Advanced,33.97,61.33,65.9,54.92,53.12,60.03,53.55,25.89,31.28,51.58,1
0.0,0.0,1.0,0.0,0.0,0.0,AID0357,,19.06,23.0,33.92,38.53,44.37,37.25,49.13,25.08,29.38,84.91,0
1.0,1.0,0.0,0.0,1.0,2.0,AID0265,Advanced,73.93,65.25,48.83,54.35,40.78,51.65,40.74,39.56,54.16,88.37,1
0.0,0.0,0.0,0.0,1.0,1.0,AID0486,,34.58,27.49,71.04,62.46,51.89,39.53,43.86,30.47,60.28,47.19,0
1.0,0.0,0.0,1.0,0.0,0.0,AID0431,Basic,61.88,64.25,56.42,69.15,67.55,70.19,71.7,48.17,79.55,60.53,1
1.0,1.0,0.0,0.0,0.0,1.0,AID0440,Advanced,42.18,53.42,58.67,60.19,60.94,64.96,64.92,51.15,49.69,65.14,0
0.0,1.0,0.0,1.0,0.0,2.0,AID0121,,44.72,11.2,66.76,18.73,16.03,0.0,29.72,42.43,33.2,83.78,0
0.0,1.0,0.0,0.0,1.0,1.0,AID0104,,32.74,38.69,36.2,35.5,29.15,34.1,41.32,14.39,23.82,85.19,0
0.0,0.0,1.0,0.0,1.0,2.0,AID0078,Basic,45.28,31.97,45.29,56.77,69.79,48.23,57.44,48.32,42.12,99.18,1
1.0,0.0,1.0,0.0,1.0,2.0,AID0312,Basic,46.82,66.62,61.05,61.91,57.81,49.82,35.93,43.21,31.48,62.29,0
1.0,1.0,0.0,0.0,0.0,1.0,AID0191,,11.08,8.0,32.55,23.32,14.0,11.25,27.92,31.06,37.7,58.4,0
1.0,0.0,1.0,0.0,0.0,1.0,AID0079,Advanced,67.2,70.5,31.15,42.5,48.88,65.93,55.13,58.84,49.07,66.49,1
1.0,0.0,0.0,0.0,0.0,1.0,AID0257,,53.54,29.91,28.04,34.66,25.3,53.3,51.52,35.92,56.61,42.29,0
0.0,0.0,1.0,1.0,0.0,0.0,AID0126,Advanced,66.14,55.14,62.22,60.43,56.74,43.47,63.45,74.48,74.97,58.27,1
0.0,0.0,0.0,1.0,0.0,0.0,AID0476,Basic,59.53,67.51,73.16,60.15,52.18,63.63,65.91,57.8,29.16,69.56,0
0.0,0.0,1.0,0.0,1.0,1.0,AID0208,Advanced,64.44,59.4,71.78,55.6,70.76,76.27,73.29,39.62,66.23,67.39,1
0.0,0.0,0.0,0.0,1.0,1.0,AID0478,Basic,38.41,59.93,66.0,64.88,63.76,49.52,45.21,43.77,59.24,60.78,0
0.0,0.0,1.0,0.0,1.0,1.0,AID0108,,40.9,12.95,14.75,7.93,57.06,20.19,35.18,34.89,31.23,91.34,0
1.0,0.0,0.0,0.0,1.0,0.0,AID0213,Basic,50.27,46.25,36.91,59.85,56.24,58.68,52.34,70.61,53.57,99.0,0
0.0,0.0,0.0,0.0,1.0,1.0,AID0163,,43.04,42.8,35.02,35.3,41.61,37.88,41.87,48.33,42.91,48.75,0
1.0,0.0,0.0,1.0,0.0,1.0,AID0287,Advanced,45.36,58.23,57.19,65.83,76.01,55.15,63.35,51.37,73.65,99.75,1
0.0,0.0,1.0,1.0,0.0,1.0,AID0225,Advanced,49.08,50.83,61.85,59.01,37.43,46.64,60.36,79.31,63.59,97.72,1
0.0,0.0,0.0,0.0,0.0,1.0,AID0118,,46.22,43.0,46.42,45.21,60.67,27.85,42.68,52.17,53.34,89.7,0
1.0,1.0,0.0,1.0,0.0,0.0,AID0469,,34.35,23.06,31.76,1.74,29.74,7.69,41.2,39.19,17.74,80.63,0
0.0,1.0,0.0,1.0,0.0,1.0,AID0348,,25.95,17.39,6.56,27.64,32.17,13.9,22.49,11.71,11.95,84.78,0
0.0,0.0,1.0,0.0,1.0,1.0,AID0316,Basic,52.79,58.13,46.61,46.22,59.51,49.31,37.45,57.5,59.62,86.2,0
1.0,1.0,0.0,0.0,1.0,2.0,AID0270,,38.0,16.01,0.0,25.59,13.87,19.25,39.07,20.66,32.73,53.49,0
0.0,0.0,0.0,0.0,1.0,1.0,AID0015,Advanced,64.16,94.41,50.09,70.92,57.35,81.14,76.34,35.59,70.8,91.64,1
1.0,0.0,0.0,0.0,1.0,1.0,AID0429,Basic,58.87,39.8,50.77,55.26,44.74,44.25,61.29,58.0,53.07,71.94,1
1.0,0.0,1.0,1.0,0.0,2.0,AID0212,Advanced,75.38,45.42,54.74,64.25,79.49,51.36,44.1,62.22,65.34,65.69,1
1.0,0.0,0.0,0.0,1.0,2.0,AID0152,,48.74,30.38,43.22,44.06,41.34,17.57,37.74,44.25,40.96,85.35,0
1.0,1.0,0.0,0.0,1.0,0.0,AID0200,,2.75,1.92,38.05,43.72,33.01,11.58,23.87,6.55,20.84,96.7,0
0.0,0.0,1.0,0.0,0.0,2.0,AID0321,,30.97,48.68,39.72,21.29,24.93,50.48,43.7,32.3,34.21,99.13,0
1.0,1.0,0.0,1.0,0.0,0.0,AID0337,Advanced,73.47,26.07,50.68,55.66,51.25,45.49,65.09,45.13,72.74,44.83,1
0.0,1.0,0.0,1.0,0.0,1.0,AID0160,Basic,47.33,33.77,44.22,25.73,34.12,21.67,24.58,35.62,35.15,50.88,0
0.0,0.0,0.0,0.0,0.0,2.0,AID0082,Advanced,77.63,48.06,47.49,54.87,87.81,73.99,66.87,47.29,52.95,72.37,1
0.0,0.0,1.0,0.0,1.0,1.0,AID0106,Basic,49.24,50.49,57.57,61.07,53.2,59.96,61.95,59.87,47.66,99.73,1
1.0,0.0,0.0,1.0,0.0,1.0,AID0182,Basic,45.05,56.45,58.34,43.82,65.08,61.21,68.58,65.93,40.66,93.22,1
0.0,0.0,0.0,0.0,0.0,0.0,AID0027,,48.42,33.14,52.11,37.71,58.67,35.99,46.92,45.33,56.31,86.45,0
1.0,0.0,1.0,0.0,1.0,0.0,AID0206,,61.41,44.29,52.09,41.02,30.25,46.49,8.29,22.8,36.65,61.83,0
0.0,0.0,0.0,0.0,1.0,2.0,AID0422,Basic,52.72,63.21,49.29,42.53,74.56,63.21,38.16,57.62,61.04,48.95,1
1.0,0.0,0.0,0.0,0.0,2.0,AID0012,,10.62,54.69,46.86,30.81,54.46,54.09,56.63,34.34,37.4,89.95,1
0.0,0.0,1.0,0.0,0.0,2.0,AID0498,,33.43,70.27,34.38,35.79,35.28,44.86,31.18,31.09,37.32,86.1,0
0.0,0.0,1.0,0.0,1.0,1.0,AID0304,Basic,55.71,46.88,45.01,64.43,55.81,43.7,50.84,71.84,55.15,69.8,1
0.0,0.0,0.0,0.0,0.0,2.0,AID0430,Advanced,66.34,67.15,89.43,73.46,62.42,58.88,76.23,61.95,77.58,91.14,1
1.0,0.0,1.0,1.0,0.0,0.0,AID0101,Basic,38.19,37.85,50.26,50.13,38.86,30.45,26.76,55.47,47.37,85.52,1
1.0,1.0,0.0,0.0,1.0,2.0,AID0083,Basic,40.0,31.79,38.18,40.78,32.37,30.45,24.7,46.56,39.32,71.06,0
1.0,0.0,1.0,0.0,1.0,1.0,AID0495,Advanced,50.9,59.18,72.26,78.27,26.76,46.48,46.69,65.32,74.06,81.95,0
1.0,0.0,1.0,1.0,0.0,1.0,AID0380,Basic,37.8,63.92,19.7,48.94,70.17,44.14,58.46,55.23,43.21,52.52,1
0.0,1.0,0.0,0.0,1.0,0.0,AID0313,Advanced,39.95,37.69,33.12,48.59,35.24,42.47,39.75,21.63,38.12,51.7,1
0.0,0.0,1.0,1.0,0.0,2.0,AID0373,Basic,42.51,43.8,59.29,53.82,52.22,32.08,43.6,44.16,47.01,69.69,1
0.0,1.0,0.0,1.0,0.0,0.0,AID0123,Basic,40.2,29.26,37.55,27.88,33.19,39.38,49.37,48.94,57.55,96.93,0
1.0,0.0,0.0,0.0,0.0,0.0,AID0117,Basic,61.51,71.4,50.69,74.83,57.75,44.51,41.79,50.81,58.07,65.9,1
1.0,0.0,0.0,0.0,0.0,1.0,AID0178,,8.97,43.93,40.9,38.39,35.38,39.14,29.23,51.87,40.48,41.33,0
0.0,1.0,0.0,1.0,0.0,2.0,AID0452,Advanced,48.59,39.78,53.16,41.26,50.34,65.29,59.52,73.41,76.77,90.1,1
1.0,0.0,1.0,1.0,0.0,1.0,AID0100,,31.74,33.24,36.0,47.22,54.36,41.14,38.14,30.15,56.0,66.0,0
1.0,1.0,0.0,1.0,0.0,1.0,AID0427,Basic,40.23,46.32,35.14,38.65,20.29,56.5,55.42,27.93,37.2,51.03,0
0.0,0.0,0.0,1.0,0.0,1.0,AID0047,,50.53,39.85,70.51,44.14,19.24,34.77,44.05,26.02,28.4,65.2,0
0.0,0.0,1.0,0.0,0.0,2.0,AID0294,Basic,47.84,42.99,42.82,53.81,53.72,41.75,53.23,49.93,45.48,66.53,1
0.0,0.0,1.0,1.0,0.0,0.0,AID0376,,41.66,35.65,55.79,14.92,8.26,45.74,21.25,30.85,39.27,66.02,0
1.0,0.0,1.0,0.0,1.0,1.0,AID0489,Advanced,67.93,50.58,60.08,64.47,65.43,41.29,49.17,48.55,33.17,51.44,0
0.0,1.0,0.0,0.0,1.0,1.0,AID0472,,28.88,14.18,12.24,18.39,25.07,28.98,28.0,7.63,42.84,93.11,0
0.0,1.0,0.0,1.0,0.0,1.0,AID0205,Basic,40.41,48.34,40.7,56.86,50.36,49.01,49.03,30.02,36.65,51.18,1
1.0,0.0,1.0,0.0,1.0,1.0,AID0317,Advanced,71.48,65.65,48.19,63.05,63.11,65.56,73.28,66.06,65.84,98.14,1
1.0,0.0,1.0,0.0,0.0,2.0,AID0179,Advanced,65.74,54.48,79.46,54.18,55.8,48.67,79.84,60.65,76.4,77.7,1
1.0,0.0,1.0,0.0,0.0,1.0,AID0411,Advanced,79.63,79.21,54.81,54.1,54.85,58.24,47.29,61.12,68.08,55.42,1
1.0,0.0,1.0,1.0,0.0,2.0,AID0038,Advanced,53.4,71.68,58.81,54.3,52.94,66.29,66.29,84.27,69.31,58.91,1
0.0,0.0,1.0,1.0,0.0,2.0,AID0094,Advanced,57.78,60.05,60.8,53.06,62.33,55.33,48.36,59.79,74.46,56.31,1
1.0,0.0,0.0,0.0,0.0,1.0,AID0215,Basic,23.42,62.36,69.67,53.93,57.24,57.05,69.61,55.14,47.75,92.59,0
0.0,0.0,1.0,0.0,0.0,1.0,AID0276,Basic,64.53,50.28,47.03,47.31,59.16,49.71,58.37,60.65,59.33,51.84,1
0.0,0.0,1.0,0.0,0.0,0.0,AID0494,,15.74,53.88,30.73,54.1,55.92,37.67,40.42,32.72,38.08,64.54,0
1.0,0.0,1.0,1.0,0.0,1.0,AID0073,Basic,63.1,55.74,49.69,61.47,36.04,57.93,61.55,57.8,47.85,44.83,1
1.0,0.0,1.0,0.0,0.0,1.0,AID0060,,45.32,23.39,53.92,49.21,18.35,36.8,22.73,41.81,45.16,88.72,0
0.0,0.0,1.0,1.0,0.0,1.0,AID0262,Advanced,56.25,63.64,62.49,48.89,63.4,52.06,54.31,53.63,58.35,41.74,0
1.0,0.0,0.0,0.0,1.0,1.0,AID0471,Advanced,55.99,61.93,74.48,45.42,65.15,67.36,80.42,75.25,53.37,72.16,1
1.0,0.0,0.0,0.0,0.0,1.0,AID0149,Basic,65.64,54.23,31.57,70.98,49.84,33.39,40.8,57.66,60.58,53.03,1
1.0,0.0,0.0,0.0,1.0,1.0,AID0154,Advanced,55.36,85.19,80.61,71.6,76.29,63.38,42.82,57.32,61.12,40.27,1
0.0,1.0,0.0,0.0,1.0,2.0,AID0454,,34.73,16.26,30.08,16.18,38.52,15.65,1.7,46.03,11.41,99.35,0
1.0,0.0,1.0,0.0,0.0,2.0,AID0417,Basic,65.29,55.35,49.42,59.83,50.81,52.2,58.68,64.53,61.19,83.29,1
1.0,1.0,0.0,1.0,0.0,2.0,AID0227,,20.72,14.93,44.94,27.13,35.63,14.82,33.91,38.3,19.36,92.49,0
0.0,0.0,0.0,0.0,1.0,2.0,AID0311,,33.22,37.54,56.47,55.81,37.84,34.17,45.98,15.39,49.68,62.34,0
0.0,0.0,1.0,1.0,0.0,0.0,AID0428,Basic,52.89,64.61,66.09,48.09,61.79,61.55,54.1,49.79,50.31,96.48,1
1.0,0.0,1.0,0.0,0.0,0.0,AID0299,,41.34,23.11,46.06,12.4,48.92,21.7,42.45,6.61,28.07,48.73,0
1.0,0.0,1.0,1.0,0.0,1.0,AID0112,Basic,63.21,50.7,49.81,56.72,35.8,49.98,55.77,43.51,57.44,94.96,1
1.0,0.0,0.0,1.0,0.0,1.0,AID0496,Basic,49.1,54.83,51.93,42.94,64.52,52.17,47.79,45.01,59.57,78.32,0
0.0,0.0,1.0,0.0,1.0,1.0,AID0183,,41.62,20.89,38.39,57.31,37.45,23.99,28.14,35.2,43.71,64.65,0
1.0,1.0,0.0,1.0,0.0,1.0,AID0211,Basic,29.87,46.65,40.83,44.77,49.86,49.6,48.65,44.54,22.24,45.66,0
0.0,0.0,1.0,1.0,0.0,1.0,AID0113,Basic,37.89,69.28,32.55,61.42,42.69,67.3,55.03,58.93,57.91,57.87,1
1.0,0.0,1.0,0.0,0.0,1.0,AID0387,Basic,40.07,48.04,49.99,44.74,64.45,54.31,50.85,45.31,62.73,71.42,1
0.0,0.0,1.0,0.0,0.0,2.0,AID0057,,23.62,52.28,49.75,42.93,34.16,33.82,32.71,44.15,52.59,68.09,0
0.0,0.0,0.0,0.0,0.0,1.0,AID0171,Advanced,65.95,60.54,66.6,68.5,83.96,33.01,43.78,66.79,62.29,86.56,1
1.0,0.0,1.0,0.0,0.0,0.0,AID0400,Advanced,54.28,80.29,62.2,63.03,54.3,76.47,70.21,73.79,64.97,57.09,1
1.0,1.0,0.0,0.0,1.0,0.0,AID0068,Basic,53.28,52.22,59.31,31.61,34.55,53.62,43.83,36.49,26.46,97.52,1
1.0,0.0,1.0,1.0,0.0,1.0,AID0216,Basic,54.56,53.79,52.77,48.18,54.59,62.41,71.29,43.93,63.29,90.59,0
0.0,1.0,0.0,0.0,1.0,0.0,AID0251,,40.8,29.22,16.53,34.58,58.76,46.67,31.3,39.24,25.68,70.24,0
0.0,0.0,1.0,1.0,0.0,2.0,AID0046,Basic,41.54,36.99,55.17,35.5,56.44,43.96,43.32,54.85,50.68,77.64,1
0.0,0.0,1.0,0.0,0.0,1.0,AID0033,Advanced,51.63,66.7,58.08,81.35,57.36,58.58,40.4,34.65,64.75,59.16,1
1.0,0.0,1.0,1.0,0.0,2.0,AID0356,Advanced,48.91,53.15,45.17,79.66,41.4,64.21,55.25,74.03,64.82,67.07,1
1.0,0.0,0.0,1.0,0.0,1.0,AID0229,Basic,57.2,55.04,67.06,56.49,52.24,42.4,47.02,53.24,69.86,85.63,1
1.0,0.0,1.0,1.0,0.0,1.0,AID0485,,52.89,43.09,55.12,29.73,28.74,48.18,45.53,46.77,33.51,79.36,0
1.0,0.0,1.0,0.0,0.0,2.0,AID0288,Basic,58.11,41.51,29.66,49.79,59.94,50.13,54.13,56.55,50.35,93.84,1
1.0,0.0,0.0,0.0,1.0,2.0,AID0031,,54.96,55.29,45.83,45.81,16.7,27.94,22.69,62.78,35.7,95.94,0
0.0,1.0,0.0,0.0,0.0,2.0,AID0093,Basic,26.8,44.45,30.9,36.17,52.82,49.98,45.81,34.6,34.84,96.34,0
0.0,0.0,0.0,0.0,0.0,1.0,AID0226,,43.26,36.22,33.31,52.57,36.48,33.95,15.2,49.02,35.55,86.78,0
0.0,0.0,1.0,0.0,0.0,1.0,AID0228,,46.6,44.53,29.88,9.49,37.33,16.43,13.34,35.47,30.13,82.39,0
1.0,0.0,1.0,1.0,0.0,2.0,AID0058,Basic,67.11,58.09,43.56,68.27,51.04,52.15,46.78,59.5,39.46,93.3,1
0.0,0.0,1.0,0.0,1.0,1.0,AID0165,Basic,70.12,32.98,52.24,43.03,39.76,40.96,51.54,60.91,63.29,52.27,0
1.0,1.0,0.0,1.0,0.0,1.0,AID0314,,23.56,33.3,43.73,33.68,35.31,23.9,29.32,10.61,32.94,46.86,0
0.0,0.0,1.0,0.0,0.0,1.0,AID0463,Advanced,63.81,48.93,50.93,67.22,53.62,57.49,65.36,79.74,41.35,86.73,0
1.0,0.0,1.0,0.0,1.0,0.0,AID0166,Basic,65.32,47.98,65.11,45.98,45.0,34.99,45.93,41.82,46.49,54.32,0
0.0,0.0,1.0,0.0,0.0,0.0,AID0320,Basic,44.1,39.72,39.45,50.35,51.32,37.15,41.33,55.95,62.35,42.41,1
0.0,0.0,0.0,1.0,0.0,1.0,AID0224,Basic,73.31,53.16,33.88,57.14,70.34,43.87,39.34,44.42,58.73,86.18,0
1.0,0.0,0.0,0.0,0.0,1.0,AID0055,Basic,36.21,63.06,68.63,53.4,46.61,46.18,42.26,50.08,47.08,83.44,1
1.0,0.0,1.0,0.0,1.0,1.0,AID0199,Basic,60.83,66.3,53.37,43.42,54.71,53.46,39.61,34.53,36.65,48.59,1
1.0,1.0,0.0,0.0,0.0,2.0,AID0221,Basic,38.16,41.48,32.67,42.84,29.37,41.34,34.79,32.31,57.75,44.54,0
1.0,0.0,1.0,0.0,0.0,1.0,AID0298,Advanced,60.55,59.26,62.61,53.47,63.63,85.82,77.74,65.99,73.29,65.47,1
0.0,1.0,0.0,1.0,0.0,2.0,AID0307,Basic,50.5,31.62,45.82,26.87,24.09,44.64,28.92,21.17,57.86,93.2,0
1.0,0.0,1.0,0.0,0.0,0.0,AID0347,,50.08,29.25,33.46,47.57,35.88,36.99,31.22,39.3,48.85,92.2,0
1.0,0.0,1.0,0.0,1.0,1.0,AID0133,,45.62,26.23,31.97,31.32,33.18,28.9,38.41,21.39,53.09,51.22,0
1.0,0.0,1.0,0.0,1.0,2.0,AID0193,Basic,40.51,37.17,51.6,37.17,32.53,55.29,60.23,65.21,57.77,74.71,1
0.0,0.0,0.0,0.0,1.0,1.0,AID0326,Advanced,78.36,89.72,69.5,69.13,65.73,79.86,78.4,64.52,61.17,52.89,1
0.0,1.0,0.0,0.0,0.0,0.0,AID0107,Advanced,46.32,77.46,78.11,48.14,47.36,50.54,46.61,36.77,46.32,45.84,1
0.0,1.0,0.0,0.0,1.0,2.0,AID0105,Basic,47.25,31.48,29.15,31.26,21.6,41.82,32.56,43.88,39.42,65.52,0
1.0,0.0,1.0,0.0,0.0,0.0,AID0303,Advanced,55.15,57.1,48.35,57.03,49.87,66.21,67.95,38.9,73.49,93.64,1
0.0,0.0,1.0,0.0,1.0,2.0,AID0130,,21.57,45.86,26.94,35.66,32.67,50.5,37.46,21.46,49.89,61.49,0
0.0,0.0,1.0,0.0,1.0,0.0,AID0095,,36.91,67.19,50.71,20.6,41.17,58.06,53.33,37.13,46.3,70.59,0
0.0,0.0,1.0,0.0,1.0,0.0,AID0232,Advanced,78.26,57.77,51.06,55.38,56.17,50.87,49.9,71.28,55.53,89.5,1
0.0,1.0,0.0,0.0,0.0,1.0,AID0339,Basic,38.12,35.46,40.98,42.19,32.24,26.76,36.93,24.26,41.43,40.82,0
0.0,0.0,1.0,0.0,1.0,1.0,AID0019,Advanced,55.81,42.91,70.4,55.93,69.56,40.65,44.48,79.6,53.63,82.76,1
0.0,0.0,1.0,0.0,0.0,2.0,AID0323,,33.31,32.9,41.53,38.12,41.96,41.53,43.71,30.12,25.08,58.72,0
0.0,1.0,0.0,1.0,0.0,2.0,AID0423,,44.12,43.08,20.17,30.09,49.16,26.75,18.67,9.52,27.13,99.1,0
0.0,0.0,1.0,0.0,1.0,2.0,AID0096,Advanced,71.37,79.78,59.88,50.84,64.62,56.44,69.17,59.6,67.33,50.53,1
0.0,0.0,0.0,1.0,0.0,1.0,AID0127,Advanced,58.59,62.82,59.45,74.04,88.87,42.47,58.77,68.32,73.34,70.01,1
1.0,1.0,0.0,1.0,0.0,1.0,AID0350,Advanced,49.25,62.74,66.06,36.8,63.42,67.28,44.27,37.93,40.43,44.31,1
1.0,0.0,0.0,0.0,1.0,1.0,AID0075,,26.93,56.49,46.17,41.32,35.3,61.72,41.59,36.9,36.78,54.99,0
1.0,0.0,1.0,0.0,1.0,1.0,AID0352,Basic,45.96,60.06,51.49,47.81,56.86,51.69,57.84,43.93,43.33,63.44,1
0.0,1.0,0.0,1.0,0.0,1.0,AID0187,,29.8,32.82,23.42,37.08,21.55,8.19,6.49,25.74,34.24,48.29,0
0.0,0.0,1.0,0.0,0.0,1.0,AID0409,Advanced,69.99,60.29,46.5,75.04,55.52,68.05,59.34,39.24,57.06,85.65,1
1.0,1.0,0.0,0.0,1.0,0.0,AID0385,,46.3,25.88,20.62,10.47,32.37,21.51,10.59,25.52,36.73,89.58,0
1.0,1.0,0.0,0.0,1.0,2.0,AID0151,Advanced,57.17,29.39,66.54,43.05,60.41,50.62,59.79,41.49,50.58,86.81,1
1.0,1.0,0.0,1.0,0.0,1.0,AID0051,Advanced,57.56,40.59,71.12,47.88,32.38,53.31,51.51,46.48,35.02,45.93,1
1.0,0.0,0.0,0.0,0.0,2.0,AID0065,Basic,49.48,60.35,70.59,40.87,68.82,51.59,68.91,54.1,49.8,95.56,1
0.0,0.0,1.0,1.0,0.0,1.0,AID0080,Advanced,64.3,51.36,49.71,70.27,50.56,54.09,59.57,62.64,82.43,71.09,1
1.0,0.0,0.0,0.0,0.0,0.0,AID0016,Basic,62.81,66.2,51.39,55.77,51.59,72.71,71.62,53.79,39.53,40.92,1
0.0,0.0,1.0,0.0,1.0,0.0,AID0386,Advanced,58.14,49.59,59.25,71.13,48.98,60.53,60.17,62.69,36.7,67.13,1
0.0,0.0,0.0,0.0,1.0,2.0,AID0236,Advanced,56.49,56.91,85.82,64.84,61.79,82.03,75.3,65.72,72.5,42.14,1
0.0,0.0,1.0,0.0,1.0,1.0,AID0407,Advanced,73.21,60.55,63.22,71.96,45.33,62.83,68.3,70.81,55.73,58.46,1
1.0,0.0,0.0,1.0,0.0,1.0,AID0172,Advanced,87.49,65.54,56.5,61.72,68.3,67.57,51.61,54.14,82.54,83.16,1
1.0,0.0,0.0,0.0,1.0,1.0,AID0136,Advanced,83.34,56.86,50.06,59.49,75.45,72.34,73.02,65.84,64.39,74.14,1
1.0,0.0,0.0,0.0,0.0,1.0,AID0218,Basic,64.19,39.23,49.74,69.88,48.15,42.67,53.91,59.32,37.48,87.41,0
1.0,0.0,1.0,0.0,1.0,2.0,AID0081,Advanced,66.67,54.47,73.08,62.16,56.86,65.56,52.96,59.78,53.99,71.31,1
1.0,0.0,0.0,0.0,1.0,2.0,AID0319,Advanced,83.11,50.25,64.45,46.99,77.18,43.12,65.65,76.33,67.63,54.6,1
0.0,0.0,0.0,1.0,0.0,0.0,AID0240,Advanced,49.05,82.09,53.09,47.72,64.66,70.34,55.93,56.0,52.57,48.95,1
0.0,0.0,0.0,0.0,1.0,1.0,AID0381,Basic,41.85,51.77,63.51,53.8,54.37,42.01,53.46,71.23,66.64,69.76,1
1.0,0.0,0.0,0.0,1.0,2.0,AID0250,,49.3,37.11,24.18,27.06,44.03,33.21,36.72,32.61,39.12,77.85,0
1.0,1.0,0.0,1.0,0.0,1.0,AID0449,,0.77,12.01,26.0,36.95,0.0,25.2,34.85,18.46,15.07,89.15,0
1.0,0.0,1.0,1.0,0.0,2.0,AID0137,Basic,40.84,55.33,41.68,49.05,58.32,54.39,51.6,43.09,47.66,93.59,1
0.0,0.0,1.0,0.0,1.0,1.0,AID0164,,29.24,34.16,11.6,29.01,26.14,67.13,25.29,29.17,28.22,51.11,0
0.0,0.0,1.0,0.0,0.0,2.0,AID0324,Basic,62.72,34.1,46.01,33.93,51.11,31.9,44.5,60.7,47.57,94.36,1
1.0,0.0,1.0,0.0,1.0,0.0,AID0403,Advanced,69.99,53.73,63.01,72.42,59.27,37.37,60.61,57.9,56.87,71.49,1
0.0,1.0,0.0,1.0,0.0,0.0,AID0445,,11.53,9.61,58.55,32.21,30.19,22.59,37.08,18.59,14.13,75.46,0
1.0,0.0,0.0,0.0,0.0,0.0,AID0115,,35.71,43.01,51.74,51.72,33.85,47.07,56.81,67.73,49.91,49.1,0
0.0,1.0,0.0,0.0,0.0,2.0,AID0418,Basic,11.29,50.81,47.98,50.57,48.76,66.06,63.16,46.88,53.23,43.72,1
0.0,0.0,0.0,0.0,1.0,1.0,AID0018,,60.9,75.72,47.1,33.44,42.5,51.04,45.94,54.35,24.89,45.55,0
1.0,1.0,0.0,1.0,0.0,0.0,AID0138,Basic,44.55,55.89,37.17,22.61,36.29,62.71,31.01,48.69,30.77,78.19,1
0.0,0.0,0.0,1.0,0.0,0.0,AID0144,Advanced,62.99,50.09,75.03,80.47,64.15,53.16,69.94,55.24,67.58,91.59,1
1.0,0.0,1.0,1.0,0.0,0.0,AID0168,Basic,45.15,49.64,63.01,46.71,37.69,42.76,21.88,42.58,60.11,63.71,0
0.0,1.0,0.0,0.0,1.0,2.0,AID0034,Advanced,32.46,37.82,45.51,29.12,49.84,50.36,55.42,49.76,61.33,75.18,0
1.0,1.0,0.0,0.0,1.0,0.0,AID0210,Basic,47.08,58.08,34.15,18.24,35.7,14.14,27.35,28.97,35.86,61.11,0
0.0,0.0,1.0,0.0,0.0,2.0,AID0074,Basic,44.08,38.7,67.63,53.9,50.26,53.01,62.51,37.66,59.65,49.39,1
0.0,0.0,0.0,0.0,1.0,2.0,AID0273,Advanced,71.24,76.11,45.62,53.22,61.98,77.74,72.13,68.27,66.87,84.05,1
0.0,0.0,1.0,1.0,0.0,1.0,AID0116,Advanced,63.82,63.15,62.01,64.5,43.57,45.16,63.28,61.2,33.47,44.92,1
1.0,1.0,0.0,0.0,0.0,1.0,AID0473,Basic,35.84,49.17,37.51,26.2,24.11,49.38,40.92,30.17,49.46,55.12,0
0.0,1.0,0.0,0.0,1.0,1.0,AID0355,Advanced,34.91,59.5,34.59,51.49,66.22,57.2,45.31,47.81,61.98,60.76,1
1.0,0.0,1.0,0.0,1.0,1.0,AID0459,Advanced,35.29,68.72,53.05,66.55,52.81,86.9,69.56,36.87,78.4,45.34,0
1.0,0.0,0.0,0.0,1.0,1.0,AID0147,,29.22,43.82,16.22,28.88,45.66,29.93,46.03,30.26,48.86,86.08,0
1.0,0.0,1.0,0.0,1.0,1.0,AID0424,,37.04,50.58,46.15,30.15,21.64,35.76,31.84,42.68,24.57,93.36,0
1.0,0.0,0.0,0.0,0.0,1.0,AID0499,Basic,50.07,51.41,64.32,60.77,40.68,57.59,49.6,62.72,36.53,85.48,0
0.0,0.0,1.0,1.0,0.0,2.0,AID0465,Basic,55.34,55.92,43.07,71.24,49.09,44.53,45.56,46.03,53.11,70.84,0
1.0,0.0,1.0,0.0,0.0,1.0,AID0245,Basic,54.26,50.78,47.24,64.01,45.82,35.44,47.84,49.23,44.68,61.96,1
1.0,1.0,0.0,0.0,0.0,2.0,AID0353,,39.54,30.36,30.09,22.83,41.05,22.16,26.33,10.89,36.45,85.96,0
0.0,1.0,0.0,0.0,1.0,0.0,AID0297,Advanced,61.54,58.91,56.16,67.1,40.13,44.48,51.65,52.15,58.04,59.35,1
0.0,0.0,1.0,0.0,1.0,1.0,AID0408,Advanced,71.59,64.9,74.16,56.52,67.05,54.38,58.46,58.75,48.05,47.59,1
1.0,0.0,1.0,0.0,0.0,0.0,AID0289,,22.23,34.05,40.06,56.27,43.36,36.94,38.19,47.86,23.14,41.26,0
0.0,1.0,0.0,1.0,0.0,2.0,AID0209,,21.54,23.37,54.88,10.91,6.09,17.76,34.36,39.3,38.17,56.3,0
1.0,0.0,0.0,1.0,0.0,2.0,AID0059,Basic,55.57,69.21,66.37,61.88,47.06,42.67,54.06,59.88,54.61,86.0,1
1.0,0.0,1.0,1.0,0.0,2.0,AID0475,Advanced,50.15,66.47,51.88,58.8,48.52,53.44,55.85,70.56,42.1,86.66,0
1.0,0.0,1.0,0.0,1.0,1.0,AID0011,Advanced,48.02,67.76,58.07,40.91,69.04,54.91,47.66,46.34,65.75,85.4,1
1.0,0.0,0.0,1.0,0.0,0.0,AID0404,Basic,55.16,47.33,83.41,47.01,45.99,69.97,52.74,60.19,31.66,75.98,1
1.0,0.0,1.0,1.0,0.0,1.0,AID0490,Advanced,75.58,61.46,55.34,59.97,73.45,77.4,80.7,57.89,84.05,81.64,1
0.0,0.0,0.0,0.0,1.0,1.0,AID0198,Basic,50.76,50.64,43.47,59.06,76.64,52.19,66.3,61.23,61.07,50.97,1
1.0,0.0,1.0,1.0,0.0,2.0,AID0053,Advanced,64.76,66.27,65.45,50.99,47.94,56.08,64.87,40.59,58.64,49.22,1
1.0,0.0,0.0,0.0,0.0,1.0,AID0468,Basic,32.71,54.96,58.06,46.71,60.91,51.85,58.26,45.54,66.1,90.48,0
0.0,0.0,1.0,0.0,0.0,2.0,AID0025,,32.01,61.98,37.11,33.1,36.4,34.47,22.5,43.33,49.34,50.23,0
1.0,1.0,0.0,1.0,0.0,2.0,AID0125,,36.9,17.24,26.41,19.97,29.02,19.32,36.3,13.37,22.2,93.9,0
0.0,0.0,1.0,1.0,0.0,1.0,AID0410,Basic,38.47,51.61,59.91,51.37,47.32,56.25,66.14,45.03,56.45,91.05,0
1.0,0.0,0.0,0.0,0.0,1.0,AID0192,Advanced,56.72,90.42,61.26,89.93,51.31,56.75,78.39,74.84,67.31,97.69,1
0.0,0.0,0.0,0.0,0.0,2.0,AID0258,Advanced,75.06,81.75,49.93,54.18,59.3,68.53,54.77,55.68,78.93,65.79,1
0.0,1.0,0.0,1.0,0.0,1.0,AID0354,,28.39,41.48,22.82,21.04,32.05,35.9,18.69,5.66,41.59,66.72,0
